CustomerID,Gender,Age,Marital,address,Retired,Annual Income (k$),Spending Score (1-100)
1,Male,20,0,9,0,34,13
2,Male,20,0,7,0,19,15
3,Female,19,0,24,0,2,31
5,Female,25,0,12,0,7,28
6,Female,24,1,9,0,36,9
7,Female,20,0,17,0,6,32
8,Female,23,1,2,0,30,6
9,Male,21,0,5,0,4,37
10,Female,20,0,7,0,31,31
11,Male,21,0,21,0,14,4
12,Female,22,0,10,0,9,4
13,Female,18,0,14,0,11,10
14,Female,25,1,8,0,31,21
15,Male,18,0,30,0,9,32
16,Male,23,0,3,0,5,30
17,Female,25,1,12,0,8,35
18,Male,22,0,38,0,5,16
19,Male,25,0,3,0,10,17
20,Female,18,0,3,0,29,25
21,Male,25,1,3,0,21,8
22,Male,25,0,7,0,22,32
23,Female,24,1,17,0,38,25
24,Male,22,0,10,0,36,4
25,Female,22,1,19,0,29,36
26,Male,21,0,18,0,39,14
27,Female,23,0,0,0,13,28
28,Male,21,0,7,0,6,32
29,Female,23,1,11,0,32,11
30,Female,19,0,1,0,18,2
31,Male,22,1,9,0,34,19
32,Female,24,1,6,0,20,10
33,Male,23,1,27,0,16,34
34,Male,25,1,26,0,4,28
35,Female,20,0,8,0,23,0
36,Female,20,0,13,0,2,26
37,Female,25,1,11,0,37,15
38,Female,24,0,38,0,26,16
39,Female,22,1,1,0,40,24
40,Female,25,1,0,0,7,7
41,Female,23,0,34,0,13,11
42,Male,21,0,7,0,0,39
43,Male,21,0,0,0,35,9
44,Female,23,0,4,0,33,4
45,Female,19,1,14,0,26,39
46,Female,24,1,20,0,7,25
47,Female,22,1,3,0,12,25
48,Female,22,1,27,0,8,5
49,Female,20,0,0,0,25,15
50,Female,20,0,9,0,36,18
51,Female,23,0,14,0,18,37
52,Male,24,1,4,0,39,40
53,Female,21,0,28,0,2,38
54,Male,23,0,0,0,26,1
55,Female,18,0,3,0,35,33
56,Male,25,0,6,0,2,19
57,Female,21,0,1,0,3,35
58,Male,23,0,8,0,10,15
59,Female,22,1,36,0,40,12
60,Male,21,0,27,0,30,22
61,Male,23,1,16,0,28,22
62,Male,25,1,15,0,2,39
63,Female,25,1,1,0,0,28
64,Female,18,0,24,0,29,14
65,Male,22,1,11,0,35,2
66,Male,18,0,16,0,27,38
67,Female,20,1,16,0,22,12
68,Female,19,0,22,0,18,10
69,Male,22,1,44,0,26,32
70,Female,23,0,5,0,28,27
71,Male,22,0,19,0,38,31
72,Female,25,1,15,0,14,40
73,Female,19,0,6,0,7,38
74,Female,21,0,4,0,29,32
75,Male,21,0,13,0,2,0
76,Male,20,0,13,0,28,29
77,Female,21,0,3,0,24,1
78,Male,19,0,10,0,34,40
79,Female,23,0,27,0,15,38
80,Female,22,0,28,0,8,35
81,Male,22,0,0,0,39,25
82,Male,18,1,15,0,27,26
83,Male,22,0,2,0,2,28
84,Female,21,0,29,0,2,40
85,Female,19,0,2,0,18,17
86,Male,19,0,4,0,39,5
87,Female,21,0,7,0,7,16
88,Female,19,0,6,0,17,3
89,Female,19,0,2,0,40,23
90,Female,21,0,16,0,27,29
91,Female,22,1,17,0,10,35
92,Male,25,1,3,0,4,30
93,Male,23,0,1,0,1,38
94,Female,19,0,3,0,32,23
95,Female,20,0,9,0,23,38
96,Male,22,1,1,0,20,34
97,Female,18,0,9,0,35,7
98,Female,18,0,21,0,27,12
99,Male,18,0,5,0,35,36
100,Male,25,1,5,0,14,26
101,Female,20,0,30,0,2,34
102,Female,25,0,1,0,3,10
103,Male,24,1,4,0,19,23
104,Male,23,0,2,0,29,12
105,Male,20,0,0,0,17,6
106,Female,20,0,21,0,12,16
107,Female,21,0,4,0,11,32
108,Male,22,0,23,0,6,29
109,Male,24,0,8,0,24,24
110,Male,20,0,2,0,24,1
111,Male,23,1,13,0,31,17
112,Female,25,1,30,0,33,8
113,Female,23,1,2,0,32,21
114,Male,19,0,13,0,22,5
115,Female,25,0,1,0,10,12
116,Female,21,0,1,0,26,27
117,Female,19,0,11,0,39,6
118,Female,23,0,4,0,29,9
119,Female,19,0,6,0,6,0
120,Female,24,0,15,0,24,7
121,Male,25,0,1,0,35,21
122,Female,24,0,12,0,19,22
123,Female,25,0,15,0,0,12
124,Male,21,0,7,0,36,21
125,Female,23,1,6,0,14,11
126,Female,18,0,9,0,23,22
127,Male,21,0,10,0,30,27
128,Male,24,0,3,0,5,8
129,Male,24,1,1,0,4,24
130,Male,23,1,2,0,9,3
131,Male,22,1,18,0,11,5
132,Male,18,0,2,0,16,1
133,Female,25,1,0,0,28,5
134,Female,21,0,19,0,10,20
135,Male,24,1,22,0,12,39
136,Female,18,0,6,0,23,17
137,Female,20,0,19,0,21,10
138,Male,19,0,17,0,0,11
139,Male,20,0,4,0,25,29
140,Female,23,1,6,0,3,0
141,Female,23,0,6,0,40,9
142,Male,21,0,13,0,15,39
143,Female,18,0,2,0,38,29
144,Female,19,0,2,0,14,10
145,Male,18,0,21,0,24,26
146,Male,21,0,3,0,30,33
147,Male,23,0,5,0,18,6
148,Female,22,1,21,0,34,37
149,Female,20,1,1,0,28,14
150,Male,24,1,4,0,4,33
151,Male,21,0,8,0,14,23
152,Male,25,1,5,0,25,28
153,Female,25,0,11,0,18,14
154,Female,22,0,14,0,40,10
155,Female,25,0,31,0,10,4
156,Female,22,0,13,0,39,18
157,Male,18,0,2,0,15,14
158,Female,25,0,5,0,5,10
159,Male,25,0,0,0,35,15
160,Female,19,1,8,0,13,9
161,Female,22,0,25,0,39,19
162,Female,20,1,11,0,3,10
163,Male,19,0,22,0,29,26
164,Female,23,1,18,0,11,4
165,Male,20,0,7,0,14,25
166,Female,25,0,17,0,35,15
167,Male,18,1,14,0,21,30
168,Female,19,1,0,0,39,8
169,Female,19,1,5,0,21,0
170,Male,18,0,10,0,39,17
171,Male,21,0,21,0,22,22
172,Male,23,1,14,0,3,23
173,Male,24,1,20,0,31,29
174,Male,22,1,19,0,15,2
175,Female,21,0,4,0,20,12
176,Female,55,0,13,0,5,10
177,Male,47,0,5,0,4,12
178,Male,55,0,28,0,31,40
179,Male,50,1,0,0,1,37
180,Male,47,0,5,0,31,16
181,Female,48,0,8,0,25,34
182,Female,46,1,11,0,20,11
183,Male,48,0,1,0,5,32
184,Female,54,1,1,0,19,24
185,Female,53,1,15,0,37,31
186,Male,53,0,30,0,18,25
187,Female,48,0,2,0,24,8
188,Male,53,1,1,0,10,13
189,Female,49,1,1,0,14,16
190,Female,55,1,9,0,5,8
191,Female,46,1,18,0,6,29
192,Female,49,1,20,0,5,7
193,Male,48,0,7,0,9,31
194,Female,47,0,2,0,4,8
195,Female,55,0,2,0,32,39
196,Female,47,1,11,0,33,6
197,Female,53,1,10,0,40,18
198,Male,54,0,4,0,37,28
199,Male,52,1,27,0,34,31
200,Male,54,0,9,0,23,7
201,Female,48,0,30,0,22,84
202,Male,48,0,12,0,26,82
203,Male,47,0,2,0,27,90
204,Female,32,1,0,0,22,83
205,Female,32,1,19,0,23,82
206,Female,35,1,7,0,27,90
207,Female,30,1,9,0,23,86
208,Female,31,1,49,0,20,82
209,Male,31,1,2,0,30,87
210,Female,30,0,41,0,21,85
211,Male,34,1,4,0,20,85
212,Female,31,0,3,0,29,81
213,Female,26,0,6,0,20,90
214,Female,34,1,2,0,29,82
215,Male,32,0,4,0,28,80
216,Male,31,0,9,0,27,81
217,Female,31,0,27,0,27,84
218,Male,29,1,7,0,28,87
219,Male,35,1,5,0,27,89
220,Female,31,1,39,0,25,84
221,Male,35,0,26,0,22,83
222,Male,35,0,1,0,21,88
223,Female,29,0,7,0,20,90
224,Male,26,0,7,0,27,81
225,Female,27,1,13,0,23,82
226,Male,31,0,9,0,30,81
227,Female,26,0,9,0,28,90
228,Male,32,1,3,0,20,83
229,Female,31,0,7,0,20,90
230,Female,28,0,12,0,24,81
231,Male,34,0,18,0,29,83
232,Female,31,0,9,0,30,86
233,Male,28,1,1,0,24,88
234,Male,34,1,23,0,25,90
235,Female,31,0,5,0,25,82
236,Female,32,0,10,0,28,80
237,Female,34,0,25,0,30,82
238,Female,34,1,17,0,30,83
239,Female,34,1,6,0,21,89
240,Female,31,0,0,0,24,85
241,Female,32,1,15,0,23,88
242,Male,32,0,12,0,27,81
243,Male,34,1,43,0,27,85
244,Female,28,0,39,0,26,85
245,Female,31,1,1,0,23,82
246,Female,35,0,11,0,21,82
247,Female,32,0,4,0,15,80
248,Female,34,0,0,0,6,86
249,Female,33,0,7,0,7,83
250,Female,35,1,21,0,12,64
251,Female,31,1,12,0,13,68
252,Male,33,0,9,0,15,62
253,Female,33,1,22,0,13,88
254,Male,32,1,5,0,14,68
255,Female,31,0,43,0,11,88
256,Male,33,0,4,0,12,64
257,Female,27,1,16,0,10,66
258,Male,33,0,33,0,12,62
259,Female,27,1,9,0,14,90
260,Male,27,0,1,0,15,64
261,Male,28,0,5,0,10,72
262,Male,30,0,23,0,8,74
263,Female,32,0,11,0,8,70
264,Female,34,0,15,0,12,89
265,Male,26,1,16,0,9,85
266,Male,29,1,13,0,14,63
267,Female,28,1,5,0,10,81
268,Female,34,1,1,0,9,90
269,Male,26,1,10,0,10,66
270,Female,34,1,5,0,9,81
271,Male,26,0,4,0,14,73
272,Female,32,0,4,0,5,63
273,Female,27,0,10,0,11,78
274,Female,30,0,10,0,9,69
275,Male,30,0,31,0,6,70
276,Male,33,0,5,0,5,85
277,Female,35,1,9,0,9,82
278,Male,29,0,34,0,10,70
279,Female,30,0,5,0,6,72
280,Female,29,0,21,0,7,82
281,Male,27,0,17,0,15,65
282,Male,28,0,8,0,14,66
283,Male,28,1,5,0,9,80
284,Female,29,1,11,0,10,74
285,Female,30,0,2,0,6,62
286,Male,29,1,0,0,10,60
287,Female,31,1,15,0,9,70
288,Female,33,1,1,0,15,80
289,Female,26,1,44,0,13,73
290,Female,33,0,9,0,14,79
291,Female,27,1,1,0,9,85
292,Male,35,1,1,0,10,87
293,Male,30,1,29,0,9,78
294,Female,35,0,4,0,6,75
295,Female,31,0,14,0,14,89
296,Male,26,1,20,0,20,93
297,Female,28,0,30,0,24,96
298,Female,35,0,7,0,31,36
299,Male,35,0,8,0,17,35
300,Male,28,0,2,0,38,37
301,Female,31,1,8,0,41,39
302,Female,28,1,30,0,15,42
303,Male,30,1,7,0,50,44
304,Male,27,1,19,0,13,42
305,Male,30,0,26,0,25,42
306,Female,34,0,1,0,12,45
307,Female,28,1,3,0,11,43
308,Male,33,1,5,0,36,42
309,Male,33,0,13,0,50,42
310,Male,34,0,18,0,16,35
311,Male,32,1,4,0,46,39
312,Female,35,1,1,0,31,42
313,Female,28,0,15,0,18,35
314,Male,32,1,8,0,29,35
315,Female,28,1,4,0,12,37
316,Female,28,1,1,0,17,42
317,Female,29,0,14,0,41,44
318,Female,33,1,3,0,6,39
319,Female,29,1,3,0,16,39
320,Female,27,1,4,0,35,37
321,Male,31,1,2,0,43,43
322,Female,34,0,20,0,49,41
323,Female,27,1,15,0,35,35
324,Male,35,0,3,0,24,43
325,Female,27,1,3,0,27,35
326,Female,26,0,1,0,47,39
327,Male,28,1,6,0,26,45
328,Male,30,1,2,0,30,37
329,Male,35,0,12,0,43,38
330,Male,31,0,2,0,35,36
331,Male,35,0,13,0,16,36
332,Male,33,0,27,0,15,37
333,Female,26,1,18,0,19,37
334,Female,26,0,18,0,42,45
335,Male,29,0,5,0,18,41
336,Female,34,1,32,0,46,36
337,Female,35,0,2,0,38,44
338,Male,27,1,35,0,48,44
339,Male,27,1,3,0,31,43
340,Female,26,0,0,0,38,42
341,Female,35,1,0,0,27,41
342,Male,27,1,7,0,26,40
343,Female,32,0,20,0,43,42
344,Female,35,0,18,0,24,45
345,Male,35,0,17,0,10,41
346,Male,26,0,24,0,45,43
347,Male,29,1,2,0,13,79
348,Female,28,0,6,0,54,44
349,Female,27,0,22,0,59,52
350,Male,31,1,23,0,48,60
351,Male,28,1,0,0,56,40
352,Male,31,1,39,0,50,51
353,Female,34,1,40,0,49,49
354,Female,33,0,11,0,56,53
355,Female,34,0,4,0,58,43
356,Female,35,1,19,0,42,53
357,Male,28,0,12,0,44,45
358,Female,29,1,19,0,55,43
359,Male,32,0,13,0,53,49
360,Female,32,1,21,0,59,52
361,Female,31,0,28,0,59,58
362,Female,28,1,7,0,59,40
363,Male,28,0,2,0,48,43
364,Female,28,1,2,0,49,60
365,Male,27,0,3,0,45,48
366,Female,26,0,15,0,53,41
367,Male,28,0,38,0,58,42
368,Female,27,1,13,0,57,42
369,Female,29,0,37,0,54,44
370,Male,33,0,17,0,50,50
371,Male,27,1,0,0,56,41
372,Male,35,1,8,0,43,59
373,Male,27,1,18,0,47,59
374,Male,26,0,21,0,46,48
375,Female,31,0,7,0,42,43
376,Female,34,0,4,0,48,42
377,Male,29,1,10,0,56,46
378,Male,34,0,7,0,42,41
379,Male,27,1,12,0,59,60
380,Male,26,0,2,0,50,47
381,Female,26,1,3,0,43,47
382,Female,32,0,2,0,46,41
383,Male,33,0,0,0,57,51
384,Female,30,1,9,0,43,58
385,Female,33,0,1,0,52,45
386,Male,29,0,10,0,43,51
387,Female,26,1,14,0,45,43
388,Male,30,0,7,0,48,44
389,Female,29,1,21,0,52,55
390,Female,30,1,5,0,50,56
391,Female,29,1,5,0,45,40
392,Female,29,1,13,0,58,43
393,Male,30,1,33,0,46,43
394,Female,33,1,6,0,60,56
395,Female,29,0,3,0,58,51
396,Female,35,0,3,0,54,42
397,Female,32,0,8,0,57,57
398,Male,31,0,13,0,50,46
399,Male,35,0,17,0,55,44
400,Male,29,0,33,0,50,53
401,Female,35,1,17,0,32,40
402,Male,32,0,8,0,50,52
403,Male,29,0,26,0,48,38
404,Female,34,1,3,0,34,44
405,Female,31,0,24,0,49,46
406,Female,26,1,30,0,49,36
407,Female,33,1,20,0,47,47
408,Female,29,1,1,0,48,41
409,Male,32,0,12,0,52,45
410,Female,26,0,2,0,44,54
411,Male,33,0,20,0,43,42
412,Female,34,1,10,0,53,42
413,Female,31,0,1,0,55,51
414,Female,34,0,1,0,53,36
415,Male,34,0,45,0,54,53
416,Male,31,0,40,0,51,53
417,Female,35,0,5,0,50,50
418,Male,33,1,10,0,33,52
419,Male,30,1,25,0,47,37
420,Female,30,0,1,0,36,47
421,Male,32,0,1,0,43,46
422,Male,27,0,7,0,36,38
423,Female,32,1,3,0,46,52
424,Male,33,0,4,0,40,47
425,Female,31,1,1,0,33,42
426,Male,27,1,17,0,43,40
427,Female,30,1,21,0,51,36
428,Male,31,1,21,0,32,51
429,Female,32,1,25,0,53,54
430,Female,29,0,7,0,35,45
431,Male,33,1,18,0,46,53
432,Female,34,0,14,0,53,38
433,Male,29,1,18,0,44,42
434,Male,28,0,10,0,39,47
435,Female,32,1,1,0,48,52
436,Female,30,0,1,0,32,36
437,Female,35,1,0,0,32,53
438,Female,32,0,23,0,36,52
439,Female,34,0,24,0,44,36
440,Female,28,0,11,0,42,43
441,Female,33,0,5,0,47,38
442,Male,28,1,10,0,54,41
443,Male,32,0,4,0,41,40
444,Female,27,1,10,0,45,37
445,Female,31,0,11,0,50,47
446,Female,33,1,14,0,37,41
447,Female,29,0,12,0,46,40
448,Female,35,1,7,0,47,42
449,Female,31,0,5,0,43,36
450,Female,27,1,1,0,53,48
451,Female,34,1,10,0,76,53
452,Male,30,1,12,0,70,49
453,Female,26,1,9,0,67,70
454,Male,35,0,26,0,69,52
455,Female,26,0,16,0,70,40
456,Male,35,0,34,0,64,46
457,Female,29,0,7,0,79,49
458,Male,33,1,13,0,79,66
459,Female,26,0,5,0,69,58
460,Male,29,0,28,0,66,54
461,Male,34,1,4,0,73,50
462,Male,35,1,2,0,78,64
463,Female,27,0,9,0,61,46
464,Female,32,0,0,0,62,41
465,Male,28,1,4,0,78,70
466,Male,28,1,7,0,73,50
467,Female,34,0,27,0,72,51
468,Female,30,1,5,0,78,55
469,Male,28,1,7,0,63,44
470,Female,27,1,27,0,77,51
471,Male,31,1,13,0,75,55
472,Female,28,1,26,0,69,69
473,Female,27,0,4,0,76,46
474,Female,28,1,9,0,78,54
475,Male,35,0,6,0,69,53
476,Male,34,1,4,0,71,55
477,Female,27,1,4,0,63,57
478,Male,35,0,19,0,69,57
479,Female,28,0,3,0,62,57
480,Female,27,0,6,0,74,49
481,Male,34,0,7,0,62,66
482,Male,28,1,9,0,65,57
483,Male,29,1,7,0,69,61
484,Female,30,1,8,0,70,57
485,Female,28,0,3,0,72,50
486,Male,29,0,24,0,70,69
487,Female,34,0,2,0,72,70
488,Female,29,1,3,0,66,42
489,Female,31,0,8,0,67,61
490,Female,35,1,28,0,68,63
491,Female,31,0,4,0,61,50
492,Male,30,0,9,0,68,64
493,Male,32,0,26,0,67,51
494,Female,28,0,2,0,66,43
495,Female,34,1,16,0,76,41
496,Male,26,1,17,0,72,56
497,Female,28,1,8,0,63,66
498,Female,28,1,12,0,67,65
499,Male,31,1,20,0,76,63
500,Male,29,0,2,0,69,59
501,Female,30,0,13,0,61,42
502,Female,28,0,19,0,80,41
503,Male,28,0,12,0,77,67
504,Male,29,0,0,0,77,63
505,Male,30,0,3,0,74,52
506,Female,29,1,4,0,77,40
507,Female,35,0,6,0,80,46
508,Male,32,0,24,0,77,59
509,Male,26,0,7,0,70,42
510,Male,32,0,1,0,80,62
511,Male,28,0,2,0,68,41
512,Female,26,0,3,0,66,61
513,Female,28,1,14,0,74,49
514,Male,26,1,31,0,63,67
515,Female,29,0,15,0,66,57
516,Female,28,0,8,0,72,60
517,Female,34,1,17,0,76,69
518,Female,31,0,0,0,68,48
519,Female,26,1,3,0,78,67
520,Female,29,0,0,0,72,44
521,Male,30,1,27,0,60,62
522,Female,32,1,4,0,80,61
523,Female,28,0,21,0,67,55
524,Male,29,1,12,0,61,70
525,Female,32,1,7,0,79,47
526,Female,29,0,9,0,60,70
527,Male,32,0,22,0,75,60
528,Male,29,1,36,0,79,55
529,Male,34,0,1,0,70,60
530,Male,28,1,1,0,73,48
531,Male,34,1,11,0,72,52
532,Male,30,0,9,0,64,48
533,Female,28,0,9,0,66,53
534,Female,29,0,27,0,64,55
535,Male,34,1,2,0,64,52
536,Female,35,0,0,0,61,59
537,Female,33,0,9,0,67,47
538,Male,30,1,10,0,62,45
539,Male,35,0,8,0,61,60
540,Female,35,0,7,0,62,57
541,Female,26,1,11,0,61,44
542,Male,35,1,8,0,78,45
543,Female,27,1,15,0,75,44
544,Female,35,0,27,0,76,57
545,Male,31,0,12,0,68,68
546,Male,34,0,5,0,74,59
547,Male,28,1,12,0,62,54
548,Female,28,0,3,0,80,19
549,Female,34,1,0,0,74,10
550,Male,32,1,9,0,62,14
551,Male,40,1,1,0,72,14
552,Male,39,1,3,0,80,10
553,Female,43,0,2,0,75,13
554,Female,42,0,23,0,79,5
555,Female,36,1,2,0,60,16
556,Female,37,0,7,0,79,17
557,Male,38,1,25,0,78,3
558,Female,44,0,3,0,70,13
559,Male,38,0,4,0,69,5
560,Female,39,0,20,0,79,15
561,Female,44,0,13,0,62,17
562,Female,45,0,28,0,72,12
563,Male,41,0,1,0,72,7
564,Female,45,0,4,0,72,5
565,Male,38,0,3,0,76,12
566,Female,40,0,20,0,69,8
567,Male,39,1,0,0,78,19
568,Female,38,1,3,0,60,6
569,Female,36,1,3,0,76,20
570,Male,38,0,16,0,71,18
571,Male,39,0,15,0,84,21
572,Male,41,0,10,0,93,29
573,Male,40,1,12,0,91,23
574,Male,45,1,7,0,90,17
575,Female,40,1,0,0,84,19
576,Female,38,0,7,0,99,22
577,Male,43,1,4,0,88,19
578,Male,43,1,3,0,87,29
579,Male,42,0,12,0,85,21
580,Male,44,1,10,0,84,30
581,Female,44,1,6,0,96,13
582,Female,40,1,14,0,84,27
583,Male,38,1,8,0,98,25
584,Female,43,0,30,0,98,17
585,Female,45,0,5,0,86,21
586,Male,43,0,21,0,97,17
587,Female,42,1,19,0,91,24
588,Male,42,1,20,0,98,25
589,Female,38,1,9,0,99,19
590,Female,39,1,6,0,85,28
591,Female,36,1,3,0,98,28
592,Female,36,0,43,0,95,29
593,Male,38,1,2,0,81,11
594,Female,36,1,27,0,99,23
595,Female,36,1,4,0,92,21
596,Female,38,1,1,0,92,20
597,Female,43,0,4,0,84,18
598,Male,45,0,2,0,85,14
599,Male,44,0,12,0,81,22
600,Male,41,0,6,0,94,20
601,Female,40,0,0,0,94,18
602,Male,37,0,2,0,81,29
603,Male,37,0,8,0,97,17
604,Male,39,0,3,0,90,11
605,Female,45,0,3,0,86,21
606,Female,44,1,0,0,94,28
607,Female,41,0,31,0,119,39
608,Female,44,0,19,0,117,11
609,Female,36,0,7,0,103,47
610,Male,37,1,4,0,133,49
611,Female,43,0,7,0,136,49
612,Male,38,1,0,0,134,14
613,Female,42,0,20,0,124,36
614,Female,38,1,7,0,111,45
615,Female,38,1,8,0,122,34
616,Male,45,1,10,0,100,15
617,Male,43,0,8,0,135,24
618,Female,39,0,7,0,128,22
619,Male,41,0,5,0,107,21
620,Male,36,0,2,0,104,32
621,Female,40,0,14,0,114,48
622,Male,40,0,11,0,125,48
623,Male,39,0,22,0,126,46
624,Female,43,0,0,0,117,38
625,Male,44,1,32,0,120,29
626,Female,39,1,1,0,105,39
627,Male,37,1,5,0,108,47
628,Female,38,0,5,0,108,46
629,Male,38,1,27,0,103,16
630,Female,38,1,31,0,104,46
631,Female,38,1,3,0,107,24
632,Male,43,0,20,0,102,40
633,Female,38,1,20,0,111,23
634,Male,36,1,4,0,117,37
635,Male,45,0,6,0,140,11
636,Female,43,1,3,0,139,25
637,Female,42,0,5,0,120,45
638,Female,40,1,10,0,131,36
639,Female,43,0,12,0,117,38
640,Female,36,1,10,0,113,45
641,Female,40,1,37,0,107,23
642,Female,39,0,19,0,133,12
643,Male,38,1,11,0,115,12
644,Male,39,1,28,0,102,33
645,Female,45,0,3,0,122,11
646,Female,41,0,2,0,102,44
647,Female,39,0,1,0,116,10
648,Female,40,1,14,0,128,42
649,Female,37,0,2,0,121,29
650,Female,43,1,0,0,127,39
651,Female,41,0,1,0,126,30
652,Female,43,1,13,0,104,13
653,Male,41,0,5,0,85,10
654,Female,43,0,10,0,85,28
655,Male,38,1,30,0,90,23
656,Female,39,0,1,0,95,29
657,Male,44,0,5,0,97,29
658,Female,38,0,8,0,88,27
659,Male,41,0,9,0,96,21
660,Female,45,1,10,0,90,10
661,Male,43,0,8,0,90,27
662,Male,37,0,25,0,86,17
663,Male,37,1,29,0,95,16
664,Female,38,1,1,0,99,12
665,Female,41,0,6,0,96,27
666,Male,43,0,5,0,93,23
667,Male,44,0,1,0,91,16
668,Female,36,0,14,0,99,23
669,Female,45,1,8,0,139,15
670,Male,40,1,0,0,114,45
671,Female,36,1,15,0,101,24
672,Male,37,0,48,0,114,23
673,Female,43,0,42,0,116,38
674,Female,41,1,24,0,138,25
675,Female,36,0,3,0,130,13
676,Male,44,0,1,0,123,46
677,Male,38,0,7,0,132,33
678,Female,43,1,10,0,110,39
679,Male,39,1,2,0,100,19
680,Female,40,1,3,0,132,29
681,Female,43,1,4,0,131,45
682,Male,36,0,27,0,115,15
683,Male,38,1,14,0,129,45
684,Male,37,1,3,0,136,28
685,Female,44,0,8,0,115,25
686,Female,44,1,25,0,139,39
687,Male,42,1,2,0,127,28
688,Female,41,0,0,0,103,50
689,Female,38,0,6,0,104,19
690,Female,40,0,44,0,110,13
691,Female,36,1,22,0,18,73
692,Female,43,1,5,0,14,59
693,Male,36,1,19,0,15,87
694,Male,37,1,12,0,17,87
695,Female,36,0,1,0,20,63
696,Female,44,0,12,0,13,79
697,Male,45,0,37,0,12,67
698,Female,43,0,7,0,10,57
699,Female,43,0,46,0,25,70
700,Male,44,1,8,0,20,78
701,Male,39,0,8,0,15,89
702,Female,37,0,23,0,24,68
703,Female,44,0,22,0,13,78
704,Male,41,0,29,0,13,73
705,Male,37,0,20,0,19,56
706,Male,41,0,5,0,14,73
707,Female,41,1,9,0,22,86
708,Female,44,0,5,0,16,67
709,Male,39,0,7,0,19,77
710,Male,41,1,17,0,19,70
711,Male,45,1,0,0,22,85
712,Male,43,1,2,0,21,58
713,Female,37,0,15,0,21,86
714,Female,45,1,17,0,20,84
715,Male,43,1,35,0,16,68
716,Female,39,1,6,0,71,71
717,Female,36,1,9,0,75,74
718,Female,40,1,9,0,81,64
719,Female,42,1,19,0,75,71
720,Female,43,0,32,0,82,90
721,Female,39,0,12,0,79,72
722,Male,38,0,4,0,78,67
723,Female,38,1,10,0,73,88
724,Female,38,1,6,0,74,81
725,Male,41,1,2,0,74,86
726,Female,37,1,14,0,84,82
727,Female,41,1,6,0,82,60
728,Male,38,0,1,0,80,66
729,Male,38,0,1,0,82,67
730,Male,45,0,5,0,82,87
731,Male,44,1,9,0,89,72
732,Male,40,0,13,0,89,68
733,Male,39,1,2,0,78,86
734,Female,45,0,0,0,74,87
735,Female,42,0,26,0,84,68
736,Male,40,0,2,0,86,78
737,Female,38,0,31,0,72,69
738,Female,43,1,7,0,88,84
739,Male,41,1,11,0,89,67
740,Male,40,1,10,0,81,70
741,Female,40,0,4,0,77,69
742,Female,43,0,5,0,79,66
743,Male,41,1,18,0,81,88
744,Female,37,1,33,0,71,69
745,Female,45,1,9,0,87,76
746,Male,43,0,9,0,85,77
747,Male,44,1,4,0,72,72
748,Male,36,1,1,0,89,83
749,Female,38,1,3,0,82,69
750,Female,39,0,16,0,76,81
751,Male,41,1,4,0,75,78
752,Male,40,1,33,0,84,83
753,Male,39,1,26,0,83,63
754,Female,45,1,15,0,70,72
755,Female,40,1,11,0,88,67
756,Female,41,1,4,0,75,85
757,Female,43,0,25,0,72,90
758,Male,43,1,23,0,78,86
759,Female,45,1,3,0,81,61
760,Male,37,1,14,0,90,62
761,Female,45,0,28,0,80,78
762,Female,45,1,7,0,76,79
763,Female,37,0,7,0,80,71
764,Male,40,0,16,0,77,76
765,Female,37,1,6,0,89,65
766,Male,38,1,2,0,80,65
767,Female,40,0,13,0,85,68
768,Male,45,1,22,0,81,75
769,Female,41,1,12,0,100,67
770,Female,42,1,16,0,93,70
771,Male,39,1,17,0,89,83
772,Male,37,0,14,0,97,62
773,Male,40,1,1,0,93,63
774,Male,42,1,2,0,95,72
775,Male,36,0,18,0,99,68
776,Female,39,1,2,0,95,66
777,Female,37,1,29,0,95,59
778,Male,37,1,16,0,95,76
779,Male,41,0,20,0,100,81
780,Male,39,1,3,0,97,70
781,Male,42,0,12,0,91,79
782,Female,42,0,12,0,88,65
783,Female,39,1,8,0,85,58
784,Male,41,1,0,0,89,60
785,Female,39,1,19,0,97,65
786,Female,38,0,55,0,87,84
787,Male,37,1,3,0,99,59
788,Female,44,1,7,0,90,65
789,Male,36,0,32,0,93,77
790,Female,43,0,9,0,86,84
791,Female,45,1,1,0,85,65
792,Female,37,1,0,0,86,75
793,Female,44,1,23,0,88,59
794,Male,39,1,22,0,94,60
795,Female,42,0,1,0,87,71
796,Female,42,0,11,0,88,76
797,Female,37,0,22,0,97,59
798,Female,38,1,23,0,89,67
799,Male,45,0,17,0,85,72
800,Male,44,1,25,0,88,56
801,Male,44,1,8,0,89,69
802,Female,36,1,7,0,95,79
803,Male,39,1,0,0,100,70
804,Male,36,1,1,0,94,62
805,Female,41,0,18,0,98,69
806,Female,37,1,5,0,88,64
807,Female,41,0,26,0,100,58
808,Female,45,1,3,0,96,68
809,Female,45,0,1,0,88,59
810,Male,42,0,22,0,97,55
811,Female,36,0,25,0,90,72
812,Male,36,1,26,0,96,69
813,Female,45,1,3,0,86,57
814,Female,40,0,19,0,100,68
815,Female,39,1,18,0,91,59
816,Male,40,0,7,0,89,55
817,Male,45,0,8,0,93,73
818,Female,36,0,0,0,94,83
819,Male,41,0,13,0,98,81
820,Male,40,1,9,0,90,66
821,Female,44,0,10,0,93,85
822,Male,39,1,4,0,140,59
823,Male,41,0,3,0,136,68
824,Female,45,1,0,0,99,65
825,Male,39,0,9,0,95,62
826,Female,36,0,8,0,130,58
827,Male,39,0,28,0,117,76
828,Female,43,0,7,0,101,70
829,Male,43,1,32,0,122,70
830,Female,43,1,2,0,113,73
831,Female,43,0,0,0,125,73
832,Male,39,1,3,0,116,76
833,Female,43,1,38,0,105,68
834,Male,36,1,23,0,104,68
835,Male,45,1,3,0,126,56
836,Female,39,0,8,0,133,64
837,Female,37,1,1,0,132,64
838,Female,40,1,12,0,107,68
839,Female,45,1,5,0,107,56
840,Female,43,1,18,0,101,55
841,Female,38,1,15,0,106,62
842,Female,37,1,5,0,127,78
843,Male,40,0,21,0,122,62
844,Male,42,0,6,0,114,79
845,Female,42,1,19,0,137,65
846,Female,42,0,10,0,137,57
847,Female,39,0,0,0,105,63
848,Female,40,0,2,0,125,55
849,Female,37,0,13,0,132,68
850,Female,43,0,1,0,98,73
851,Female,50,1,19,0,104,58
852,Female,50,0,10,0,116,55
853,Male,55,0,0,0,138,63
854,Female,55,1,22,0,106,66
855,Male,50,0,12,0,116,55
856,Female,53,1,17,0,133,62
857,Male,55,0,6,0,109,77
858,Female,46,1,18,0,132,62
859,Male,50,0,0,0,106,90
860,Female,46,0,19,0,108,80
861,Male,49,1,12,0,116,81
862,Male,55,0,2,0,110,84
863,Male,52,1,4,0,137,83
864,Female,52,1,5,0,131,87
865,Female,51,0,20,0,103,80
866,Male,48,1,34,0,130,75
867,Male,49,0,3,0,130,90
868,Female,49,1,14,0,118,79
869,Female,50,1,4,0,103,86
870,Male,46,1,6,0,101,77
871,Female,55,0,8,0,103,78
872,Male,53,0,4,0,127,80
873,Female,54,0,27,0,124,90
874,Female,50,1,21,0,97,77
875,Female,52,1,12,0,106,88
876,Male,49,0,28,0,124,85
877,Male,49,1,29,0,138,78
878,Female,49,0,4,0,139,76
879,Male,52,1,17,0,140,89
880,Female,46,0,8,0,117,85
881,Female,49,1,6,0,140,80
882,Male,55,1,19,0,112,84
883,Male,46,1,12,0,138,79
884,Male,54,0,23,0,130,88
885,Female,55,0,10,0,112,84
886,Female,55,1,34,0,106,83
887,Male,52,0,15,0,111,85
888,Female,46,0,17,0,122,86
889,Female,46,1,4,0,120,75
890,Female,53,0,23,0,134,79
891,Female,48,1,0,0,96,78
892,Female,54,1,12,0,119,76
893,Male,47,1,3,0,98,78
894,Male,52,0,1,0,106,79
895,Female,52,0,13,0,136,88
896,Female,51,1,38,0,109,90
897,Male,51,0,19,0,53,72
898,Female,47,1,13,0,66,52
899,Female,52,0,13,0,45,56
900,Male,48,0,4,0,69,55
901,Male,52,0,2,0,53,62
902,Female,53,1,0,0,51,67
903,Female,49,0,19,0,57,57
904,Male,53,1,2,0,60,74
905,Male,50,0,6,0,41,67
906,Male,50,1,10,0,43,54
907,Female,46,0,5,0,41,75
908,Female,52,1,2,0,65,68
909,Male,54,1,15,0,61,71
910,Male,52,0,0,0,53,66
911,Male,54,0,28,0,48,51
912,Male,54,0,4,0,46,63
913,Female,55,0,2,0,56,73
914,Female,48,0,4,0,72,52
915,Male,54,0,0,0,46,68
916,Female,54,1,8,0,62,58
917,Female,52,1,11,0,46,63
918,Female,53,1,23,0,66,58
919,Female,49,0,21,0,48,57
920,Female,50,0,14,0,68,60
921,Female,49,1,22,0,20,83
922,Male,48,0,3,0,17,88
923,Female,47,0,1,0,22,79
924,Female,49,1,24,0,17,88
925,Male,53,1,10,0,15,89
926,Female,53,0,10,0,20,87
927,Female,50,1,6,0,18,85
928,Male,48,0,19,0,23,90
929,Male,48,0,29,0,23,85
930,Male,48,1,2,0,15,90
931,Male,47,1,13,0,21,79
932,Male,51,1,14,0,24,86
933,Male,55,0,12,0,23,80
934,Female,50,0,11,0,25,85
935,Female,47,1,5,0,15,75
936,Male,48,1,21,0,18,87
937,Female,51,1,4,0,17,85
938,Female,46,0,4,0,25,86
939,Male,50,0,26,0,19,89
940,Male,47,0,2,0,25,76
941,Female,52,0,25,0,23,89
942,Female,48,0,9,0,21,76
943,Male,46,1,18,0,23,84
944,Female,53,1,13,0,17,84
945,Female,51,1,19,0,15,77
946,Male,54,1,19,0,137,90
947,Male,46,1,13,0,138,83
948,Male,55,1,15,0,137,88
949,Female,52,1,2,0,120,89
950,Female,61,1,29,1,135,80
951,Male,67,1,3,1,134,86
952,Male,80,0,7,1,123,83
953,Male,62,1,8,1,124,87
954,Female,72,0,24,1,127,81
955,Female,79,0,1,1,127,84
956,Female,68,0,6,1,128,82
957,Female,70,0,25,1,123,82
958,Male,80,1,5,1,125,90
959,Female,76,0,0,1,123,81
960,Male,56,0,24,0,125,81
961,Female,72,1,13,1,137,88
962,Female,63,0,12,1,131,87
963,Female,59,1,23,0,139,81
964,Male,74,1,14,1,136,84
965,Female,70,1,4,1,129,83
966,Male,58,0,4,0,120,83
967,Female,73,1,4,1,120,80
968,Male,69,1,7,1,126,81
969,Female,71,0,1,1,127,87
970,Female,59,1,0,0,128,82
971,Male,64,0,19,1,136,88
972,Male,57,0,15,0,140,85
973,Male,68,1,20,1,127,85
974,Male,77,0,21,1,139,8
975,Male,56,0,34,0,129,18
976,Female,60,0,20,0,134,15
977,Female,61,0,10,1,133,17
978,Male,56,1,0,0,135,12
979,Male,57,0,13,0,121,13
980,Male,70,1,15,1,131,18
981,Male,62,0,24,1,120,19
982,Female,80,0,2,1,124,7
983,Female,79,0,1,1,130,7
984,Male,76,1,3,1,132,12
985,Female,56,1,5,0,124,16
986,Female,74,0,10,1,123,16
987,Male,77,0,0,1,126,17
988,Female,65,1,6,1,124,13
989,Male,59,0,1,0,137,12
990,Female,72,1,19,1,121,14
991,Female,63,0,4,1,131,16
992,Female,67,0,6,1,59,94
993,Female,74,1,16,1,50,95
994,Male,61,1,2,1,55,91
995,Female,66,1,30,1,42,88
996,Female,73,1,17,1,46,94
997,Female,59,0,0,0,42,88
998,Female,72,0,2,1,46,87
999,Male,61,0,40,1,43,93
1000,Male,66,0,18,1,47,91
1001,Male,65,1,7,1,46,89
